{
  "lstm_test": {
    "loss": 0.9395148792896129,
    "accuracy": 0.9725836431226765,
    "precision": 0.9930555555555556,
    "recall": 0.7114427860696517,
    "f1": 0.8289855072463768,
    "auc_roc": 0.9755221840566517,
    "confusion_matrix": [
      [
        1950,
        1
      ],
      [
        58,
        143
      ]
    ]
  },
  "xgboost_test": {
    "accuracy": 0.974907063197026,
    "precision": 0.9016393442622951,
    "recall": 0.8208955223880597,
    "f1": 0.859375,
    "auc_roc": 0.9577662686057156,
    "confusion_matrix": [
      [
        1933,
        18
      ],
      [
        36,
        165
      ]
    ]
  },
  "ensemble_test": {
    "accuracy": 0.9786245353159851,
    "precision": 1.0,
    "recall": 0.7711442786069652,
    "f1": 0.8707865168539326,
    "auc_roc": 0.9837537071179214,
    "confusion_matrix": [
      [
        1951,
        0
      ],
      [
        46,
        155
      ]
    ]
  },
  "top_shap_features": [
    [
      "cell0_load",
      0.4557421803474426
    ],
    [
      "cell2_load",
      0.20068487524986267
    ],
    [
      "cell1_load",
      0.1659230887889862
    ],
    [
      "cell0_ue_count",
      0.12828558683395386
    ],
    [
      "cell2_throughput",
      0.10833282023668289
    ]
  ],
  "pos_weight": 8.491180461329716,
  "dataset_shape": [
    10800,
    22
  ]
}