{
  "train_loss": [
    0.6161554669720348,
    0.2647569487612958,
    0.17596027747893692,
    0.12286895467680722,
    0.08275317656751016,
    0.06989430234507206,
    0.08122035286857282,
    0.05387687026240129,
    0.052169766521788306,
    0.04053803591418471,
    0.03626468197107741
  ],
  "train_acc": [
    0.8380271622587563,
    0.9538241601143674,
    0.9655468191565404,
    0.9711222301644031,
    0.9821300929235168,
    0.9849892780557541,
    0.982987848463188,
    0.9871336669049321,
    0.9885632594710507,
    0.990421729807005,
    0.9905646890636168
  ],
  "val_loss": [
    0.42816629708551857,
    0.534392206530898,
    0.340374947628416,
    0.3460589812554522,
    0.31252765275209493,
    0.5344896474773907,
    0.46336160022223716,
    0.5681556724520493,
    0.3845965498331852,
    0.4496702892935924,
    0.5390261499467212
  ],
  "val_acc": [
    0.9801734820322181,
    0.9052044609665427,
    0.9368029739776952,
    0.9460966542750929,
    0.9547707558859975,
    0.9033457249070632,
    0.9132589838909542,
    0.9002478314745973,
    0.9386617100371747,
    0.9318463444857497,
    0.9138785625774474
  ],
  "val_f1": [
    0.95822454308094,
    0.8275084554678692,
    0.8737623762376238,
    0.8940316686967114,
    0.909541511771995,
    0.8247191011235955,
    0.8398169336384439,
    0.8201117318435754,
    0.8811524609843937,
    0.8696682464454977,
    0.8407789232531501
  ],
  "val_auc": [
    0.9868982560870886,
    0.9963913392141138,
    0.9808499526930028,
    0.9892308297406964,
    0.9887839807363286,
    0.9848661310305497,
    0.9750551186608079,
    0.9849841253886713,
    0.985342478624448,
    0.9837648503547479,
    0.9825728888296489
  ]
}